id,image_name,class,confidence,top-left x-coordinate,top-left y-coordinate,bottom-right x-coordinate,bottom-right y-coordinate
0,test_patient0001_0003,0,0.3590,111,283,146,306
1,test_patient0001_0004,0,0.3531,111,283,146,306
2,test_patient0001_0005,0,0.3131,461,374,490,401
3,test_patient0001_0006,0,0.4302,460,366,491,399
4,test_patient0001_0006,0,0.3129,115,285,146,305
5,test_patient0001_0007,0,0.4797,117,285,147,307
6,test_patient0001_0008,0,0.3101,119,286,147,307
7,test_patient0001_0009,0,0.5509,456,366,493,419
8,test_patient0001_0009,0,0.4588,121,287,149,309
9,test_patient0001_0010,0,0.6940,120,287,150,309
10,test_patient0001_0010,0,0.3226,457,366,492,427
11,test_patient0001_0011,0,0.6455,120,286,151,309
12,test_patient0001_0012,0,0.5409,119,286,151,311
13,test_patient0001_0017,0,0.3557,132,290,153,316
14,test_patient0001_0018,0,0.5142,131,291,153,316
15,test_patient0001_0019,0,0.3696,131,291,151,315
16,test_patient0001_0021,0,0.2816,88,232,103,262
17,test_patient0001_0022,0,0.3175,89,230,103,286
18,test_patient0001_0026,0,0.4024,98,261,119,285
19,test_patient0001_0026,0,0.2594,457,371,506,409
20,test_patient0001_0028,0,0.3604,107,269,120,285
21,test_patient0001_0029,0,0.3887,106,266,122,284
22,test_patient0001_0030,0,0.2940,103,254,117,267
23,test_patient0001_0031,0,0.4354,102,255,116,266
24,test_patient0001_0032,0,0.3022,93,252,115,272
25,test_patient0001_0033,0,0.4263,92,251,117,276
26,test_patient0001_0033,0,0.2514,119,218,135,231
27,test_patient0001_0034,0,0.4962,93,252,119,278
28,test_patient0001_0035,0,0.2551,98,221,130,253
29,test_patient0001_0036,0,0.5107,97,222,134,254
30,test_patient0001_0036,0,0.2590,112,218,134,249
31,test_patient0001_0036,0,0.2557,119,213,134,245
32,test_patient0001_0037,0,0.5409,120,214,135,227
33,test_patient0001_0038,0,0.5609,122,200,149,226
34,test_patient0001_0039,0,0.5732,122,199,147,231
35,test_patient0001_0040,0,0.5243,124,199,147,223
36,test_patient0001_0040,0,0.4176,122,199,147,234
37,test_patient0001_0041,0,0.4073,126,199,147,227
38,test_patient0001_0041,0,0.3110,126,200,148,219
39,test_patient0001_0042,0,0.3794,129,200,151,219
40,test_patient0001_0052,0,0.3279,251,260,294,322
41,test_patient0001_0053,0,0.2661,251,261,294,321
42,test_patient0001_0055,0,0.4745,137,253,157,306
43,test_patient0001_0056,0,0.5716,138,254,159,304
44,test_patient0001_0057,0,0.3896,139,255,160,304
45,test_patient0001_0057,0,0.3404,140,254,158,274
46,test_patient0001_0058,0,0.3222,139,254,161,306
47,test_patient0001_0058,0,0.2733,140,254,154,271
48,test_patient0001_0059,0,0.4537,137,282,155,303
49,test_patient0001_0059,0,0.3821,140,255,164,294
50,test_patient0001_0060,0,0.5635,139,256,162,287
51,test_patient0001_0061,0,0.5359,137,259,156,289
52,test_patient0001_0061,0,0.4912,139,258,161,289
53,test_patient0001_0062,0,0.4872,135,259,157,289
54,test_patient0001_0062,0,0.3755,136,258,161,285
55,test_patient0001_0062,0,0.3690,138,259,160,275
56,test_patient0001_0063,0,0.4180,138,260,160,279
57,test_patient0001_0063,0,0.3724,140,260,160,274
58,test_patient0001_0064,0,0.3474,429,349,459,377
59,test_patient0001_0064,0,0.3431,139,262,161,275
60,test_patient0001_0064,0,0.3120,139,262,154,275
61,test_patient0001_0065,0,0.3527,144,267,169,296
62,test_patient0001_0065,0,0.2948,150,267,169,280
63,test_patient0001_0066,0,0.2602,145,269,172,298
64,test_patient0001_0067,0,0.2767,161,273,176,283
65,test_patient0001_0072,0,0.3830,415,373,440,391
66,test_patient0001_0073,0,0.3573,415,373,440,391
67,test_patient0001_0086,0,0.3146,286,317,305,354
68,test_patient0001_0087,0,0.4353,286,318,306,355
69,test_patient0001_0088,0,0.2724,282,318,306,355
70,test_patient0001_0104,0,0.4245,405,362,417,380
71,test_patient0001_0104,0,0.2815,392,362,417,382
72,test_patient0001_0105,0,0.4522,404,363,416,380
73,test_patient0001_0105,0,0.3179,393,362,417,382
74,test_patient0001_0106,0,0.3039,404,363,415,378
75,test_patient0001_0147,0,0.2624,229,292,253,308
76,test_patient0001_0149,0,0.3352,233,293,257,308
77,test_patient0001_0150,0,0.4127,236,293,258,308
78,test_patient0001_0151,0,0.4200,237,294,258,308
79,test_patient0001_0152,0,0.3514,238,293,258,309
80,test_patient0001_0153,0,0.4628,238,293,261,327
81,test_patient0001_0154,0,0.5120,238,291,261,326
82,test_patient0001_0155,0,0.2999,239,292,259,327
83,test_patient0001_0186,0,0.2637,251,298,275,309
84,test_patient0001_0197,0,0.2885,242,285,258,297
85,test_patient0001_0198,0,0.3833,242,283,257,297
86,test_patient0001_0199,0,0.3599,240,282,256,296
87,test_patient0001_0202,0,0.4357,241,261,254,276
88,test_patient0001_0203,0,0.7303,216,263,243,289
89,test_patient0001_0204,0,0.7368,216,260,242,289
90,test_patient0001_0204,0,0.4820,217,258,256,289
91,test_patient0001_0205,0,0.7342,216,255,244,290
92,test_patient0001_0205,0,0.6903,216,255,257,290
93,test_patient0001_0206,0,0.7569,216,256,246,292
94,test_patient0001_0207,0,0.7581,216,259,247,293
95,test_patient0001_0208,0,0.7975,214,257,247,293
96,test_patient0001_0209,0,0.8467,214,243,247,293
97,test_patient0001_0210,0,0.8510,213,243,248,294
98,test_patient0001_0211,0,0.8544,211,243,249,294
99,test_patient0001_0212,0,0.8366,209,242,252,294
100,test_patient0001_0213,0,0.8580,208,244,255,294
101,test_patient0001_0214,0,0.8673,208,246,256,294
102,test_patient0001_0215,0,0.8669,205,246,257,295
103,test_patient0001_0216,0,0.8747,205,246,258,295
104,test_patient0001_0217,0,0.8812,204,246,259,295
105,test_patient0001_0218,0,0.8868,203,245,260,295
106,test_patient0001_0219,0,0.8936,203,245,260,295
107,test_patient0001_0220,0,0.8819,202,245,260,295
108,test_patient0001_0221,0,0.8637,201,244,262,295
109,test_patient0001_0222,0,0.7902,201,245,262,295
110,test_patient0001_0222,0,0.3698,220,245,263,296
111,test_patient0001_0223,0,0.7684,221,246,263,296
112,test_patient0001_0224,0,0.7823,223,246,263,296
113,test_patient0001_0225,0,0.7957,223,246,263,296
114,test_patient0001_0226,0,0.7959,223,245,264,296
115,test_patient0001_0227,0,0.7390,224,245,264,296
116,test_patient0001_0228,0,0.7551,228,245,265,297
117,test_patient0001_0229,0,0.7629,227,245,265,297
118,test_patient0001_0230,0,0.7875,231,245,265,297
119,test_patient0001_0231,0,0.7862,230,245,264,298
120,test_patient0001_0232,0,0.8288,229,245,264,298
121,test_patient0001_0233,0,0.8360,229,245,264,298
122,test_patient0001_0234,0,0.8440,228,244,265,298
123,test_patient0001_0235,0,0.8390,226,244,265,298
124,test_patient0001_0236,0,0.8675,228,244,265,298
125,test_patient0001_0237,0,0.8884,229,244,265,298
126,test_patient0001_0238,0,0.8885,229,244,264,298
127,test_patient0001_0239,0,0.8745,229,244,264,298
128,test_patient0001_0240,0,0.8591,229,244,264,297
129,test_patient0001_0241,0,0.8578,231,244,263,298
130,test_patient0001_0242,0,0.8627,231,244,263,298
131,test_patient0001_0243,0,0.8614,231,244,263,298
132,test_patient0001_0244,0,0.8572,232,243,263,298
133,test_patient0001_0245,0,0.8657,233,243,262,298
134,test_patient0001_0246,0,0.8665,233,242,262,298
135,test_patient0001_0247,0,0.8443,233,242,261,298
136,test_patient0001_0248,0,0.8399,233,242,261,300
137,test_patient0001_0249,0,0.8549,233,241,261,299
138,test_patient0001_0250,0,0.8438,233,240,261,300
139,test_patient0001_0251,0,0.8480,232,240,263,299
140,test_patient0001_0252,0,0.8625,231,240,265,299
141,test_patient0001_0253,0,0.8683,230,240,266,298
142,test_patient0001_0254,0,0.8551,229,239,268,298
143,test_patient0001_0255,0,0.8259,227,239,268,298
144,test_patient0001_0256,0,0.8067,226,240,267,298
145,test_patient0001_0257,0,0.7657,225,239,266,298
146,test_patient0001_0257,0,0.4107,240,239,265,267
147,test_patient0001_0258,0,0.6783,224,239,265,298
148,test_patient0001_0258,0,0.5768,237,238,263,263
149,test_patient0001_0259,0,0.6822,223,239,259,296
150,test_patient0001_0259,0,0.3614,236,239,261,257
151,test_patient0001_0260,0,0.6929,223,239,257,295
152,test_patient0001_0260,0,0.4415,237,239,259,254
153,test_patient0001_0261,0,0.6611,236,238,259,253
154,test_patient0001_0261,0,0.3443,223,237,257,295
155,test_patient0001_0262,0,0.6496,236,236,258,251
156,test_patient0001_0263,0,0.6212,236,235,257,249
157,test_patient0001_0264,0,0.5976,235,235,255,247
158,test_patient0001_0265,0,0.5752,234,235,255,247
159,test_patient0001_0266,0,0.5417,235,235,253,246
160,test_patient0001_0267,0,0.4880,235,235,252,246
161,test_patient0001_0287,0,0.2721,223,237,237,249
162,test_patient0002_0017,0,0.2952,412,392,424,411
163,test_patient0002_0020,0,0.2533,405,388,418,405
164,test_patient0002_0021,0,0.3570,402,389,414,403
165,test_patient0002_0022,0,0.4496,399,389,410,400
166,test_patient0002_0035,0,0.3338,334,236,352,250
167,test_patient0002_0043,0,0.2989,410,250,428,269
168,test_patient0002_0044,0,0.3626,409,251,428,271
169,test_patient0002_0045,0,0.3245,408,252,430,275
170,test_patient0002_0091,0,0.3344,202,292,227,322
171,test_patient0002_0092,0,0.5774,203,292,227,321
172,test_patient0002_0093,0,0.4229,204,296,227,320
173,test_patient0002_0094,0,0.3731,205,300,228,318
174,test_patient0002_0096,0,0.2946,204,288,221,318
175,test_patient0002_0096,0,0.2797,215,314,232,330
176,test_patient0002_0097,0,0.2548,205,295,219,317
177,test_patient0002_0129,0,0.3442,203,271,233,300
178,test_patient0002_0130,0,0.3757,205,258,237,300
179,test_patient0002_0130,0,0.3337,231,264,259,302
180,test_patient0002_0136,0,0.3748,249,258,261,287
181,test_patient0002_0136,0,0.2968,249,259,262,277
182,test_patient0002_0138,0,0.4656,204,270,219,291
183,test_patient0002_0146,0,0.3677,247,250,261,258
184,test_patient0002_0147,0,0.5787,231,258,249,281
185,test_patient0002_0148,0,0.7434,230,257,249,282
186,test_patient0002_0149,0,0.8258,230,255,249,283
187,test_patient0002_0150,0,0.8193,229,254,249,284
188,test_patient0002_0151,0,0.8434,227,251,249,285
189,test_patient0002_0152,0,0.8538,229,250,250,286
190,test_patient0002_0153,0,0.8171,228,249,251,287
191,test_patient0002_0154,0,0.8310,224,246,250,287
192,test_patient0002_0155,0,0.8381,223,245,251,287
193,test_patient0002_0156,0,0.8087,222,243,251,288
194,test_patient0002_0157,0,0.7912,223,241,253,289
195,test_patient0002_0158,0,0.7524,223,240,254,289
196,test_patient0002_0159,0,0.7867,223,240,253,288
197,test_patient0002_0160,0,0.8073,221,230,254,289
198,test_patient0002_0161,0,0.8231,218,231,255,289
199,test_patient0002_0162,0,0.8106,216,230,262,288
200,test_patient0002_0163,0,0.8466,215,231,263,289
201,test_patient0002_0164,0,0.8517,214,233,266,289
202,test_patient0002_0165,0,0.8684,214,233,267,289
203,test_patient0002_0166,0,0.8856,213,234,269,289
204,test_patient0002_0167,0,0.9269,212,232,271,289
205,test_patient0002_0168,0,0.9095,214,234,272,289
206,test_patient0002_0169,0,0.8113,218,235,273,289
207,test_patient0002_0170,0,0.8480,230,236,273,290
208,test_patient0002_0171,0,0.8555,233,237,272,291
209,test_patient0002_0172,0,0.8299,234,237,273,291
210,test_patient0002_0173,0,0.8204,237,237,272,291
211,test_patient0002_0174,0,0.8207,239,237,272,291
212,test_patient0002_0175,0,0.8019,244,236,272,289
213,test_patient0002_0176,0,0.8421,243,236,272,289
214,test_patient0002_0177,0,0.8363,243,236,272,288
215,test_patient0002_0178,0,0.8321,242,235,280,289
216,test_patient0002_0179,0,0.7596,240,235,284,290
217,test_patient0002_0180,0,0.7672,238,235,284,290
218,test_patient0002_0180,0,0.7283,260,236,284,280
219,test_patient0002_0181,0,0.7300,257,237,284,276
220,test_patient0002_0181,0,0.6594,236,235,283,290
221,test_patient0002_0181,0,0.5681,250,236,284,282
222,test_patient0002_0182,0,0.8171,255,237,286,272
223,test_patient0002_0183,0,0.7542,255,236,283,263
224,test_patient0002_0184,0,0.7447,254,235,281,262
225,test_patient0002_0185,0,0.6312,252,234,280,260
226,test_patient0002_0186,0,0.5707,249,235,280,261
227,test_patient0002_0187,0,0.5610,251,235,278,256
228,test_patient0002_0188,0,0.6187,248,234,276,254
229,test_patient0002_0189,0,0.5628,251,235,275,252
230,test_patient0002_0190,0,0.4192,252,235,273,250
231,test_patient0002_0191,0,0.4864,258,234,270,249
232,test_patient0002_0192,0,0.3793,256,234,269,248
233,test_patient0002_0193,0,0.4423,254,235,267,247
234,test_patient0002_0194,0,0.4496,254,235,266,247
235,test_patient0002_0195,0,0.4917,253,236,264,246
236,test_patient0002_0196,0,0.2637,252,235,263,246
237,test_patient0002_0197,0,0.3821,250,235,262,246
238,test_patient0002_0202,0,0.3122,255,251,265,259
239,test_patient0002_0204,0,0.4621,233,248,258,282
240,test_patient0002_0205,0,0.4590,234,249,252,281
241,test_patient0002_0206,0,0.7393,234,249,252,279
242,test_patient0002_0207,0,0.6670,234,249,253,279
243,test_patient0002_0208,0,0.3813,235,249,254,278
244,test_patient0002_0209,0,0.4126,235,249,254,277
245,test_patient0003_0005,0,0.4672,48,296,80,321
246,test_patient0003_0006,0,0.3907,47,296,81,324
247,test_patient0003_0010,0,0.4540,399,438,418,461
248,test_patient0003_0011,0,0.4723,398,437,417,458
249,test_patient0003_0012,0,0.4694,397,435,416,457
250,test_patient0003_0017,0,0.4008,78,254,89,283
251,test_patient0003_0017,0,0.2904,81,285,91,294
252,test_patient0003_0018,0,0.3474,83,281,99,293
253,test_patient0003_0019,0,0.2959,83,280,96,292
254,test_patient0003_0020,0,0.2935,65,258,87,280
255,test_patient0003_0027,0,0.3100,99,444,127,512
256,test_patient0003_0028,0,0.4187,59,236,80,257
257,test_patient0003_0028,0,0.3542,59,236,82,264
258,test_patient0003_0028,0,0.3131,100,445,127,512
259,test_patient0003_0029,0,0.6047,59,237,82,261
260,test_patient0003_0029,0,0.4181,102,446,126,512
261,test_patient0003_0030,0,0.4597,58,237,81,260
262,test_patient0003_0030,0,0.4085,103,446,127,512
263,test_patient0003_0031,0,0.2806,104,444,131,512
264,test_patient0003_0032,0,0.2874,57,241,76,258
265,test_patient0003_0034,0,0.5726,56,244,77,260
266,test_patient0003_0035,0,0.4401,56,245,78,261
267,test_patient0003_0038,0,0.5155,74,230,117,274
268,test_patient0003_0039,0,0.5225,76,234,116,276
269,test_patient0003_0040,0,0.3824,78,232,116,276
270,test_patient0003_0041,0,0.3751,79,230,108,262
271,test_patient0003_0041,0,0.3362,119,272,139,291
272,test_patient0003_0041,0,0.3183,80,232,113,269
273,test_patient0003_0042,0,0.4861,79,229,118,276
274,test_patient0003_0042,0,0.4397,122,277,143,302
275,test_patient0003_0042,0,0.3148,79,230,108,273
276,test_patient0003_0042,0,0.3107,123,285,146,301
277,test_patient0003_0043,0,0.3301,82,231,121,279
278,test_patient0003_0044,0,0.3880,81,228,96,245
279,test_patient0003_0044,0,0.2620,85,226,112,245
280,test_patient0003_0045,0,0.3630,81,228,98,246
281,test_patient0003_0045,0,0.3396,78,229,94,245
282,test_patient0003_0046,0,0.3721,82,227,95,250
283,test_patient0003_0047,0,0.4297,80,228,95,252
284,test_patient0003_0048,0,0.3160,382,424,400,447
285,test_patient0003_0050,0,0.4697,301,305,339,340
286,test_patient0003_0051,0,0.4081,302,300,343,338
287,test_patient0003_0052,0,0.4513,164,288,185,305
288,test_patient0003_0053,0,0.3547,303,314,316,337
289,test_patient0003_0054,0,0.3304,362,441,383,456
290,test_patient0003_0058,0,0.2673,318,306,349,333
291,test_patient0003_0059,0,0.3142,322,305,348,331
292,test_patient0003_0060,0,0.2609,365,440,387,453
293,test_patient0003_0062,0,0.2701,302,323,320,360
294,test_patient0003_0062,0,0.2628,308,324,323,343
295,test_patient0003_0063,0,0.4668,250,235,270,253
296,test_patient0003_0064,0,0.3172,250,236,269,250
297,test_patient0003_0070,0,0.3160,332,311,349,325
298,test_patient0003_0071,0,0.3579,331,311,349,331
299,test_patient0003_0085,0,0.2697,349,440,369,459
300,test_patient0003_0138,0,0.2702,179,306,193,323
301,test_patient0003_0139,0,0.4314,123,258,156,313
302,test_patient0003_0140,0,0.5784,122,258,155,314
303,test_patient0003_0141,0,0.4419,124,256,153,296
304,test_patient0003_0142,0,0.3867,121,254,144,297
305,test_patient0003_0144,0,0.3728,117,254,156,316
306,test_patient0003_0145,0,0.3078,117,252,144,300
307,test_patient0003_0146,0,0.3646,115,250,142,302
308,test_patient0003_0147,0,0.3241,112,250,143,303
309,test_patient0003_0148,0,0.2564,112,250,159,300
310,test_patient0003_0149,0,0.3653,111,250,160,300
311,test_patient0003_0208,0,0.3338,215,294,232,315
312,test_patient0003_0209,0,0.3971,215,292,230,314
313,test_patient0003_0210,0,0.6076,215,291,230,316
314,test_patient0003_0211,0,0.7418,216,288,232,312
315,test_patient0003_0212,0,0.7416,216,288,232,312
316,test_patient0003_0213,0,0.7831,214,286,233,315
317,test_patient0003_0214,0,0.8196,213,282,233,317
318,test_patient0003_0215,0,0.8167,214,281,233,318
319,test_patient0003_0216,0,0.8291,214,279,234,320
320,test_patient0003_0217,0,0.8358,214,277,235,321
321,test_patient0003_0218,0,0.8331,214,276,236,322
322,test_patient0003_0219,0,0.8237,213,275,236,322
323,test_patient0003_0220,0,0.8186,213,274,236,323
324,test_patient0003_0221,0,0.7924,213,273,237,324
325,test_patient0003_0222,0,0.7281,213,274,238,324
326,test_patient0003_0222,0,0.6876,212,273,250,325
327,test_patient0003_0223,0,0.8029,211,271,253,324
328,test_patient0003_0224,0,0.8377,210,268,255,325
329,test_patient0003_0225,0,0.7934,208,266,255,326
330,test_patient0003_0226,0,0.8311,206,264,256,326
331,test_patient0003_0227,0,0.8768,206,261,257,326
332,test_patient0003_0228,0,0.9109,205,259,258,326
333,test_patient0003_0229,0,0.9191,206,259,258,327
334,test_patient0003_0230,0,0.9058,205,259,259,327
335,test_patient0003_0231,0,0.8654,204,259,260,327
336,test_patient0003_0232,0,0.8725,203,260,260,327
337,test_patient0003_0233,0,0.8672,202,261,261,327
338,test_patient0003_0234,0,0.8813,202,262,260,327
339,test_patient0003_0235,0,0.8789,202,262,260,328
340,test_patient0003_0236,0,0.8773,202,263,261,329
341,test_patient0003_0237,0,0.8630,202,263,261,328
342,test_patient0003_0238,0,0.8630,220,279,261,328
343,test_patient0003_0239,0,0.8458,219,278,262,328
344,test_patient0003_0240,0,0.8252,218,279,262,328
345,test_patient0003_0241,0,0.8235,217,278,263,327
346,test_patient0003_0242,0,0.8193,217,278,263,328
347,test_patient0003_0243,0,0.8178,218,277,264,328
348,test_patient0003_0244,0,0.8477,217,277,267,328
349,test_patient0003_0245,0,0.8519,217,278,268,328
350,test_patient0003_0246,0,0.8443,217,278,269,327
351,test_patient0003_0247,0,0.8714,218,278,268,327
352,test_patient0003_0248,0,0.8852,217,277,268,328
353,test_patient0003_0249,0,0.8544,216,277,269,328
354,test_patient0003_0250,0,0.7809,215,276,268,327
355,test_patient0003_0251,0,0.7692,239,278,268,309
356,test_patient0003_0252,0,0.6572,242,277,268,307
357,test_patient0003_0252,0,0.6060,215,275,267,326
358,test_patient0003_0253,0,0.6925,242,277,268,304
359,test_patient0003_0254,0,0.7334,241,276,266,301
360,test_patient0003_0255,0,0.7443,241,276,265,298
361,test_patient0003_0256,0,0.7237,241,276,265,297
362,test_patient0003_0257,0,0.6930,241,276,265,295
363,test_patient0003_0258,0,0.6808,241,276,265,294
364,test_patient0003_0259,0,0.6869,242,276,265,293
365,test_patient0003_0260,0,0.6921,242,275,264,292
366,test_patient0003_0261,0,0.6750,241,276,263,291
367,test_patient0003_0262,0,0.6153,241,277,261,290
368,test_patient0003_0263,0,0.5756,242,277,261,289
369,test_patient0003_0264,0,0.6103,242,276,261,288
370,test_patient0003_0265,0,0.6038,242,276,260,288
371,test_patient0003_0266,0,0.6132,242,275,259,287
372,test_patient0003_0267,0,0.6089,242,274,259,287
373,test_patient0003_0268,0,0.5404,242,275,258,286
374,test_patient0003_0269,0,0.5252,243,274,258,285
375,test_patient0003_0270,0,0.5077,243,273,257,285
376,test_patient0003_0271,0,0.4953,243,272,255,285
377,test_patient0003_0272,0,0.5252,243,273,255,285
378,test_patient0003_0273,0,0.5255,242,272,255,286
379,test_patient0003_0274,0,0.3978,241,272,255,287
380,test_patient0003_0274,0,0.2759,218,275,250,321
381,test_patient0003_0275,0,0.3076,219,284,250,320
382,test_patient0003_0281,0,0.2596,238,278,251,302
383,test_patient0003_0282,0,0.3800,237,280,251,302
384,test_patient0004_0001,0,0.2991,184,321,208,339
385,test_patient0004_0007,0,0.3341,174,324,206,343
386,test_patient0004_0008,0,0.4292,177,324,206,343
387,test_patient0004_0009,0,0.4423,177,324,206,343
388,test_patient0004_0009,0,0.2518,302,406,345,425
389,test_patient0004_0010,0,0.4415,329,284,351,322
390,test_patient0004_0010,0,0.2709,176,324,208,344
391,test_patient0004_0011,0,0.3624,177,325,206,345
392,test_patient0004_0012,0,0.4352,178,326,206,345
393,test_patient0004_0014,0,0.2525,171,327,205,379
394,test_patient0004_0015,0,0.2527,173,326,205,343
395,test_patient0004_0021,0,0.2905,180,306,198,328
396,test_patient0004_0142,0,0.2853,204,207,218,222
397,test_patient0004_0143,0,0.3162,205,207,217,221
398,test_patient0004_0144,0,0.2789,203,207,217,222
399,test_patient0004_0147,0,0.5283,191,204,216,217
400,test_patient0004_0152,0,0.2975,198,208,220,241
401,test_patient0004_0153,0,0.4576,197,207,221,240
402,test_patient0004_0155,0,0.3302,202,248,230,279
403,test_patient0004_0156,0,0.4645,205,230,234,278
404,test_patient0004_0156,0,0.3692,202,242,235,278
405,test_patient0004_0160,0,0.3612,185,242,216,274
406,test_patient0004_0174,0,0.2615,210,203,242,250
407,test_patient0004_0178,0,0.5563,194,242,213,266
408,test_patient0004_0178,0,0.4002,200,207,241,268
409,test_patient0004_0179,0,0.7474,191,208,243,267
410,test_patient0004_0180,0,0.7812,191,208,244,269
411,test_patient0004_0180,0,0.3557,164,206,243,269
412,test_patient0004_0181,0,0.8019,192,208,244,270
413,test_patient0004_0182,0,0.8628,190,208,246,271
414,test_patient0004_0183,0,0.8778,188,208,246,271
415,test_patient0004_0184,0,0.8864,187,209,247,271
416,test_patient0004_0185,0,0.8933,186,208,247,271
417,test_patient0004_0186,0,0.9017,185,209,247,270
418,test_patient0004_0187,0,0.9053,184,209,248,270
419,test_patient0004_0188,0,0.8999,184,209,248,270
420,test_patient0004_0189,0,0.9096,184,209,248,270
421,test_patient0004_0190,0,0.9135,184,210,248,270
422,test_patient0004_0191,0,0.9124,182,209,248,269
423,test_patient0004_0192,0,0.9117,182,209,248,269
424,test_patient0004_0193,0,0.8419,199,209,248,269
425,test_patient0004_0194,0,0.7881,203,208,248,268
426,test_patient0004_0195,0,0.7555,207,207,248,268
427,test_patient0004_0196,0,0.7844,209,209,263,267
428,test_patient0004_0197,0,0.7904,214,207,259,267
429,test_patient0004_0198,0,0.8227,219,206,257,267
430,test_patient0004_0199,0,0.8359,220,204,256,267
431,test_patient0004_0200,0,0.8085,221,206,256,266
432,test_patient0004_0201,0,0.7893,221,205,254,267
433,test_patient0004_0202,0,0.7914,220,205,252,267
434,test_patient0004_0203,0,0.7901,220,205,251,266
435,test_patient0004_0204,0,0.7833,221,204,250,266
436,test_patient0004_0205,0,0.8369,220,204,248,267
437,test_patient0004_0206,0,0.8030,219,203,248,267
438,test_patient0004_0207,0,0.8071,220,203,249,266
439,test_patient0004_0208,0,0.8130,220,203,248,265
440,test_patient0004_0208,0,0.3742,230,202,248,214
441,test_patient0004_0209,0,0.7683,218,203,248,264
442,test_patient0004_0209,0,0.4613,229,202,246,213
443,test_patient0004_0210,0,0.5951,229,202,244,213
444,test_patient0004_0210,0,0.5817,217,203,247,263
445,test_patient0004_0211,0,0.5643,229,202,243,213
446,test_patient0004_0211,0,0.3911,216,202,247,263
447,test_patient0004_0212,0,0.5845,226,201,240,212
448,test_patient0004_0212,0,0.3191,216,201,247,262
449,test_patient0004_0213,0,0.6150,225,202,238,211
450,test_patient0004_0214,0,0.3338,227,201,238,211
451,test_patient0004_0217,0,0.2864,225,203,239,213
452,test_patient0004_0218,0,0.3621,226,203,238,214
453,test_patient0004_0219,0,0.3388,227,203,238,214
454,test_patient0004_0220,0,0.3504,226,203,238,216
455,test_patient0004_0221,0,0.3193,225,203,238,218
456,test_patient0004_0223,0,0.5723,219,214,238,250
457,test_patient0004_0224,0,0.4061,220,213,236,249
458,test_patient0004_0225,0,0.6313,219,216,237,248
459,test_patient0004_0226,0,0.5743,219,215,239,247
460,test_patient0005_0003,0,0.2876,115,238,140,259
461,test_patient0005_0004,0,0.2731,118,239,141,258
462,test_patient0005_0006,0,0.4945,142,260,166,296
463,test_patient0005_0007,0,0.7112,139,260,166,294
464,test_patient0005_0008,0,0.4268,143,259,166,284
465,test_patient0005_0009,0,0.3323,141,261,171,283
466,test_patient0005_0010,0,0.4528,142,262,167,283
467,test_patient0005_0011,0,0.5220,141,263,158,283
468,test_patient0005_0011,0,0.2697,141,263,168,283
469,test_patient0005_0029,0,0.4197,319,338,341,356
470,test_patient0005_0143,0,0.3483,197,299,208,315
471,test_patient0005_0143,0,0.2893,197,296,211,315
472,test_patient0005_0144,0,0.2738,198,296,209,313
473,test_patient0005_0146,0,0.3047,195,267,217,309
474,test_patient0005_0146,0,0.2588,196,291,215,308
475,test_patient0005_0147,0,0.4158,196,290,215,306
476,test_patient0005_0148,0,0.2722,196,283,216,306
477,test_patient0005_0153,0,0.4204,216,269,229,284
478,test_patient0005_0159,0,0.4411,205,269,220,282
479,test_patient0005_0160,0,0.4525,205,266,220,282
480,test_patient0005_0161,0,0.3527,204,265,220,279
481,test_patient0005_0162,0,0.2884,192,277,211,300
482,test_patient0005_0163,0,0.2660,190,279,208,298
483,test_patient0005_0167,0,0.2824,187,271,202,292
484,test_patient0005_0168,0,0.4793,182,265,200,289
485,test_patient0005_0169,0,0.4866,181,265,199,289
486,test_patient0005_0170,0,0.5026,181,266,200,288
487,test_patient0005_0171,0,0.6530,182,268,200,290
488,test_patient0005_0172,0,0.7732,182,266,202,293
489,test_patient0005_0173,0,0.7935,181,264,204,294
490,test_patient0005_0174,0,0.8371,180,262,206,295
491,test_patient0005_0175,0,0.8360,179,261,206,296
492,test_patient0005_0176,0,0.8471,178,260,207,297
493,test_patient0005_0177,0,0.8236,176,259,208,297
494,test_patient0005_0178,0,0.8581,175,242,209,297
495,test_patient0005_0179,0,0.8472,174,245,211,297
496,test_patient0005_0180,0,0.8705,172,246,220,297
497,test_patient0005_0181,0,0.8694,171,246,222,297
498,test_patient0005_0182,0,0.8928,171,246,223,297
499,test_patient0005_0183,0,0.8834,171,246,223,297
500,test_patient0005_0184,0,0.8991,170,246,224,297
501,test_patient0005_0185,0,0.9119,169,246,225,297
502,test_patient0005_0186,0,0.9220,169,246,225,297
503,test_patient0005_0187,0,0.9038,170,245,225,297
504,test_patient0005_0188,0,0.8528,174,245,225,297
505,test_patient0005_0189,0,0.8826,181,245,225,297
506,test_patient0005_0190,0,0.8715,184,245,225,297
507,test_patient0005_0191,0,0.8670,186,245,225,296
508,test_patient0005_0192,0,0.8517,192,245,226,297
509,test_patient0005_0193,0,0.8596,197,244,229,297
510,test_patient0005_0194,0,0.8582,197,243,235,297
511,test_patient0005_0195,0,0.8568,197,243,236,297
512,test_patient0005_0196,0,0.8464,196,243,236,297
513,test_patient0005_0197,0,0.9096,196,243,235,297
514,test_patient0005_0198,0,0.8369,195,243,234,296
515,test_patient0005_0199,0,0.7800,194,243,232,296
516,test_patient0005_0199,0,0.3216,212,243,234,270
517,test_patient0005_0200,0,0.7454,192,242,232,297
518,test_patient0005_0200,0,0.4068,204,243,233,268
519,test_patient0005_0201,0,0.5088,191,244,231,297
520,test_patient0005_0201,0,0.4986,204,243,232,267
521,test_patient0005_0202,0,0.6168,204,242,232,266
522,test_patient0005_0203,0,0.5830,204,242,231,266
523,test_patient0005_0204,0,0.5649,205,243,230,265
524,test_patient0005_0205,0,0.5414,214,243,229,264
525,test_patient0005_0205,0,0.3384,207,243,230,264
526,test_patient0005_0206,0,0.5657,212,243,229,263
527,test_patient0005_0207,0,0.5011,214,244,227,261
528,test_patient0005_0208,0,0.3985,214,244,226,260
529,test_patient0005_0209,0,0.5356,210,245,223,258
530,test_patient0005_0210,0,0.6141,208,246,221,257
531,test_patient0005_0211,0,0.6157,208,246,219,256
532,test_patient0005_0212,0,0.6804,209,246,219,256
533,test_patient0005_0213,0,0.5862,209,245,219,257
534,test_patient0005_0214,0,0.2861,208,244,219,256
535,test_patient0005_0215,0,0.2520,208,246,217,256
536,test_patient0006_0001,0,0.4773,448,288,472,315
537,test_patient0006_0001,0,0.3820,86,241,105,263
538,test_patient0006_0001,0,0.2726,402,221,424,240
539,test_patient0006_0002,0,0.3902,252,244,270,278
540,test_patient0006_0002,0,0.3891,88,240,106,263
541,test_patient0006_0003,0,0.2918,249,232,269,278
542,test_patient0006_0004,0,0.2569,252,240,269,276
543,test_patient0006_0006,0,0.3362,241,234,261,275
544,test_patient0006_0007,0,0.3035,241,235,260,277
545,test_patient0006_0014,0,0.2730,388,344,396,360
546,test_patient0006_0015,0,0.3111,389,344,397,362
547,test_patient0006_0015,0,0.2650,107,231,133,277
548,test_patient0006_0016,0,0.2630,243,261,261,285
549,test_patient0006_0023,0,0.3844,399,347,422,369
550,test_patient0006_0024,0,0.3732,399,342,416,368
551,test_patient0006_0026,0,0.4276,403,345,416,365
552,test_patient0006_0027,0,0.4103,322,246,334,259
553,test_patient0006_0027,0,0.2735,404,345,417,365
554,test_patient0006_0029,0,0.2505,404,336,421,359
555,test_patient0006_0030,0,0.3966,405,337,420,357
556,test_patient0006_0031,0,0.4433,405,339,417,359
557,test_patient0006_0032,0,0.2576,404,341,415,359
558,test_patient0006_0080,0,0.3253,307,165,319,176
559,test_patient0006_0153,0,0.3233,221,277,255,337
560,test_patient0006_0154,0,0.2933,219,277,256,331
561,test_patient0006_0175,0,0.2835,209,263,224,277
562,test_patient0006_0198,0,0.6438,195,274,218,298
563,test_patient0006_0199,0,0.8252,194,274,219,299
564,test_patient0006_0200,0,0.8249,192,273,220,300
565,test_patient0006_0201,0,0.8421,192,272,220,300
566,test_patient0006_0202,0,0.8712,190,269,222,301
567,test_patient0006_0203,0,0.8707,187,267,222,300
568,test_patient0006_0204,0,0.7418,186,241,230,301
569,test_patient0006_0204,0,0.6854,186,266,223,300
570,test_patient0006_0205,0,0.8146,186,243,231,301
571,test_patient0006_0206,0,0.8292,184,241,232,301
572,test_patient0006_0207,0,0.8284,184,244,234,301
573,test_patient0006_0208,0,0.8276,183,243,234,301
574,test_patient0006_0208,0,0.3306,183,241,234,272
575,test_patient0006_0209,0,0.8432,182,241,235,302
576,test_patient0006_0210,0,0.8576,182,241,236,302
577,test_patient0006_0211,0,0.8800,180,242,237,302
578,test_patient0006_0212,0,0.8843,179,242,238,301
579,test_patient0006_0213,0,0.8864,178,242,238,302
580,test_patient0006_0214,0,0.8928,177,243,238,302
581,test_patient0006_0215,0,0.8928,177,243,238,302
582,test_patient0006_0216,0,0.8910,177,242,239,303
583,test_patient0006_0217,0,0.8986,177,242,239,303
584,test_patient0006_0218,0,0.9087,176,242,239,303
585,test_patient0006_0219,0,0.9061,175,242,239,304
586,test_patient0006_0220,0,0.8823,176,242,240,304
587,test_patient0006_0221,0,0.8634,177,242,256,304
588,test_patient0006_0222,0,0.8394,177,242,241,304
589,test_patient0006_0223,0,0.8736,174,242,254,304
590,test_patient0006_0224,0,0.8014,175,241,255,304
591,test_patient0006_0224,0,0.3634,209,240,255,305
592,test_patient0006_0225,0,0.7782,214,240,254,307
593,test_patient0006_0226,0,0.7737,215,239,254,304
594,test_patient0006_0227,0,0.7436,214,239,252,305
595,test_patient0006_0228,0,0.7693,215,240,252,304
596,test_patient0006_0229,0,0.7676,216,240,254,304
597,test_patient0006_0230,0,0.8057,216,240,253,306
598,test_patient0006_0231,0,0.7960,216,240,251,305
599,test_patient0006_0232,0,0.7561,216,240,250,304
600,test_patient0006_0233,0,0.7554,215,240,249,306
601,test_patient0006_0234,0,0.7242,213,238,249,306
602,test_patient0006_0235,0,0.6234,212,237,248,307
603,test_patient0006_0235,0,0.6183,232,238,247,257
604,test_patient0006_0236,0,0.7201,211,240,244,307
605,test_patient0006_0236,0,0.6175,231,238,246,257
606,test_patient0006_0237,0,0.7188,211,241,244,307
607,test_patient0006_0237,0,0.5856,229,239,246,256
608,test_patient0006_0238,0,0.5281,211,241,244,307
609,test_patient0006_0238,0,0.4944,229,239,245,255
610,test_patient0006_0239,0,0.5235,228,239,243,254
611,test_patient0006_0240,0,0.5369,228,240,242,253
612,test_patient0006_0241,0,0.6283,228,240,241,252
613,test_patient0006_0242,0,0.6387,227,240,240,251
614,test_patient0006_0243,0,0.6378,226,240,239,252
615,test_patient0006_0244,0,0.6570,227,239,239,251
616,test_patient0006_0245,0,0.6579,226,239,238,252
617,test_patient0006_0246,0,0.5858,222,240,238,253
618,test_patient0006_0247,0,0.5648,222,241,237,253
619,test_patient0006_0248,0,0.4748,222,243,235,253
620,test_patient0006_0249,0,0.4622,222,244,233,253
621,test_patient0006_0250,0,0.5031,222,245,233,254
622,test_patient0006_0251,0,0.5326,221,244,233,255
623,test_patient0006_0251,0,0.2650,237,275,254,295
624,test_patient0006_0252,0,0.3381,222,244,233,256
625,test_patient0006_0255,0,0.2567,218,260,237,294
626,test_patient0006_0256,0,0.5186,222,262,236,291
627,test_patient0006_0257,0,0.4212,223,265,238,289
628,test_patient0007_0001,0,0.6293,105,196,122,216
629,test_patient0007_0002,0,0.6061,106,195,122,215
630,test_patient0007_0002,0,0.4874,92,169,108,197
631,test_patient0007_0003,0,0.4800,106,195,121,215
632,test_patient0007_0003,0,0.4556,92,164,109,193
633,test_patient0007_0003,0,0.3257,412,365,423,390
634,test_patient0007_0004,0,0.4993,325,131,337,146
635,test_patient0007_0004,0,0.4432,92,161,110,191
636,test_patient0007_0004,0,0.4386,106,193,120,216
637,test_patient0007_0005,0,0.4137,97,161,110,192
638,test_patient0007_0005,0,0.3923,105,191,118,215
639,test_patient0007_0006,0,0.4353,98,160,110,192
640,test_patient0007_0006,0,0.3365,104,182,116,214
641,test_patient0007_0006,0,0.3105,101,173,110,199
642,test_patient0007_0006,0,0.2659,95,158,110,177
643,test_patient0007_0007,0,0.3835,98,156,111,194
644,test_patient0007_0007,0,0.3501,102,179,114,212
645,test_patient0007_0007,0,0.3469,96,157,112,175
646,test_patient0007_0007,0,0.3156,101,155,110,212
647,test_patient0007_0007,0,0.2804,103,183,117,216
648,test_patient0007_0008,0,0.3035,102,184,113,206
649,test_patient0007_0008,0,0.2721,96,156,113,180
650,test_patient0007_0011,0,0.4111,100,190,119,207
651,test_patient0007_0011,0,0.3269,95,147,120,188
652,test_patient0007_0011,0,0.2718,384,364,397,379
653,test_patient0007_0012,0,0.4141,98,190,121,208
654,test_patient0007_0012,0,0.3206,384,363,396,378
655,test_patient0007_0013,0,0.3669,384,362,396,378
656,test_patient0007_0013,0,0.2584,243,219,289,263
657,test_patient0007_0014,0,0.4478,384,362,397,379
658,test_patient0007_0015,0,0.4354,384,362,396,379
659,test_patient0007_0016,0,0.3908,384,361,397,379
660,test_patient0007_0017,0,0.2919,385,359,397,379
661,test_patient0007_0018,0,0.4131,385,359,398,378
662,test_patient0007_0018,0,0.3015,379,360,398,377
663,test_patient0007_0018,0,0.2954,370,360,398,380
664,test_patient0007_0019,0,0.5767,94,163,120,187
665,test_patient0007_0020,0,0.5547,93,162,120,187
666,test_patient0007_0027,0,0.3123,388,334,414,366
667,test_patient0007_0028,0,0.3725,391,334,415,363
668,test_patient0007_0029,0,0.5647,391,333,415,363
669,test_patient0007_0030,0,0.6496,389,334,414,363
670,test_patient0007_0031,0,0.7600,388,335,413,362
671,test_patient0007_0032,0,0.7584,388,335,413,362
672,test_patient0007_0033,0,0.7117,388,337,412,362
673,test_patient0007_0034,0,0.5855,388,339,412,362
674,test_patient0007_0035,0,0.4150,389,340,411,362
675,test_patient0007_0036,0,0.3211,80,145,99,155
676,test_patient0007_0036,0,0.3068,375,352,400,370
677,test_patient0007_0037,0,0.2707,375,351,412,372
678,test_patient0007_0037,0,0.2699,373,354,407,380
679,test_patient0007_0041,0,0.2698,398,348,416,360
680,test_patient0007_0042,0,0.3331,398,350,423,363
681,test_patient0007_0044,0,0.4807,375,345,417,375
682,test_patient0007_0044,0,0.2730,322,96,345,123
683,test_patient0007_0045,0,0.4171,374,354,396,373
684,test_patient0007_0045,0,0.3313,375,344,412,374
685,test_patient0007_0046,0,0.4441,375,354,395,372
686,test_patient0007_0046,0,0.2627,376,345,408,374
687,test_patient0007_0047,0,0.2515,375,356,392,369
688,test_patient0007_0048,0,0.3979,272,235,299,265
689,test_patient0007_0048,0,0.2876,372,355,383,369
690,test_patient0007_0049,0,0.5940,275,234,300,260
691,test_patient0007_0050,0,0.4865,275,233,300,258
692,test_patient0007_0051,0,0.2621,272,234,299,258
693,test_patient0007_0052,0,0.4151,377,358,397,373
694,test_patient0007_0052,0,0.2817,252,235,295,279
695,test_patient0007_0053,0,0.4272,266,236,296,264
696,test_patient0007_0053,0,0.3986,266,235,282,250
697,test_patient0007_0053,0,0.3469,264,235,295,273
698,test_patient0007_0054,0,0.4190,266,235,281,247
699,test_patient0007_0054,0,0.2986,268,235,285,246
700,test_patient0007_0055,0,0.3180,267,235,281,247
701,test_patient0007_0055,0,0.3112,269,235,292,249
702,test_patient0007_0055,0,0.2897,270,234,299,258
703,test_patient0007_0056,0,0.3640,270,234,297,249
704,test_patient0007_0056,0,0.2736,272,231,299,255
705,test_patient0007_0056,0,0.2725,272,212,299,253
706,test_patient0007_0057,0,0.5772,272,207,298,253
707,test_patient0007_0057,0,0.2570,366,351,380,365
708,test_patient0007_0058,0,0.4636,271,206,297,252
709,test_patient0007_0058,0,0.3754,365,351,381,366
710,test_patient0007_0058,0,0.3498,269,207,295,242
711,test_patient0007_0058,0,0.3466,271,221,297,251
712,test_patient0007_0059,0,0.5993,272,205,297,252
713,test_patient0007_0059,0,0.3912,269,205,296,237
714,test_patient0007_0059,0,0.3647,369,350,382,367
715,test_patient0007_0059,0,0.3271,360,350,382,370
716,test_patient0007_0060,0,0.6487,273,220,298,251
717,test_patient0007_0061,0,0.6073,274,219,299,252
718,test_patient0007_0061,0,0.4851,273,220,298,243
719,test_patient0007_0062,0,0.5955,274,220,297,253
720,test_patient0007_0062,0,0.2970,273,221,296,240
721,test_patient0007_0063,0,0.6216,274,221,297,253
722,test_patient0007_0064,0,0.4747,276,225,297,251
723,test_patient0007_0064,0,0.3946,275,221,297,245
724,test_patient0007_0064,0,0.3944,275,237,296,252
725,test_patient0007_0064,0,0.3290,273,239,294,253
726,test_patient0007_0065,0,0.2576,275,238,296,253
727,test_patient0007_0066,0,0.2843,267,239,294,257
728,test_patient0007_0067,0,0.2781,268,239,296,258
729,test_patient0007_0069,0,0.2513,267,241,298,258
730,test_patient0007_0070,0,0.2908,278,241,302,264
731,test_patient0007_0071,0,0.3055,287,236,306,262
732,test_patient0007_0073,0,0.3785,285,235,309,260
733,test_patient0007_0073,0,0.2887,279,261,307,279
734,test_patient0007_0074,0,0.2920,284,235,310,264
735,test_patient0007_0075,0,0.2669,297,238,311,252
736,test_patient0007_0079,0,0.3225,272,257,303,296
737,test_patient0007_0079,0,0.3091,282,258,303,281
738,test_patient0007_0080,0,0.2765,275,260,310,295
739,test_patient0007_0081,0,0.4231,278,261,311,286
740,test_patient0007_0084,0,0.4058,288,279,317,297
741,test_patient0007_0085,0,0.3564,290,280,318,297
742,test_patient0007_0126,0,0.4464,203,212,224,237
743,test_patient0007_0127,0,0.6170,202,210,224,238
744,test_patient0007_0128,0,0.6303,202,206,224,238
745,test_patient0007_0129,0,0.6610,201,213,223,238
746,test_patient0007_0130,0,0.6727,199,214,222,237
747,test_patient0007_0131,0,0.5092,198,214,221,238
748,test_patient0007_0135,0,0.3928,197,215,217,243
749,test_patient0007_0136,0,0.4116,196,216,217,244
750,test_patient0007_0137,0,0.3265,196,219,215,246
751,test_patient0007_0143,0,0.2619,192,228,207,247
752,test_patient0007_0144,0,0.4188,192,229,208,247
753,test_patient0007_0202,0,0.2700,206,230,225,239
754,test_patient0007_0203,0,0.3166,206,230,224,239
755,test_patient0007_0204,0,0.3161,206,230,225,240
756,test_patient0007_0205,0,0.2935,206,230,226,240
757,test_patient0007_0206,0,0.2852,206,230,226,240
758,test_patient0007_0207,0,0.2733,204,230,225,241
759,test_patient0007_0208,0,0.2620,204,229,225,242
760,test_patient0007_0209,0,0.3103,206,228,224,240
761,test_patient0007_0210,0,0.3407,207,227,226,240
762,test_patient0007_0211,0,0.3453,207,227,224,240
763,test_patient0007_0212,0,0.3542,207,226,223,239
764,test_patient0007_0213,0,0.3120,207,225,223,238
765,test_patient0007_0214,0,0.3081,207,225,224,238
766,test_patient0007_0215,0,0.2953,207,225,223,238
767,test_patient0007_0216,0,0.3192,206,225,224,238
768,test_patient0007_0217,0,0.2915,206,225,224,238
769,test_patient0007_0218,0,0.3211,205,225,225,238
770,test_patient0007_0219,0,0.3242,205,225,225,237
771,test_patient0007_0220,0,0.2729,205,225,226,237
772,test_patient0007_0229,0,0.2532,197,217,209,233
773,test_patient0007_0230,0,0.3729,197,217,209,233
774,test_patient0007_0231,0,0.3551,197,217,209,232
775,test_patient0007_0232,0,0.2713,198,217,210,232
776,test_patient0007_0233,0,0.2562,197,217,210,232
777,test_patient0007_0237,0,0.4416,194,217,213,236
778,test_patient0007_0238,0,0.6896,194,216,212,236
779,test_patient0007_0239,0,0.7236,194,216,213,237
780,test_patient0007_0240,0,0.7515,193,215,214,238
781,test_patient0007_0241,0,0.7853,194,216,214,239
782,test_patient0007_0242,0,0.8136,193,215,214,241
783,test_patient0007_0243,0,0.8232,194,214,215,241
784,test_patient0007_0244,0,0.8291,194,213,215,242
785,test_patient0007_0245,0,0.8415,193,212,215,242
786,test_patient0007_0246,0,0.8413,193,211,216,243
787,test_patient0007_0247,0,0.8296,193,210,217,243
788,test_patient0007_0248,0,0.8227,192,210,218,244
789,test_patient0007_0249,0,0.8252,192,210,218,244
790,test_patient0007_0250,0,0.8402,192,209,219,244
791,test_patient0007_0251,0,0.8394,192,208,219,244
792,test_patient0007_0252,0,0.8312,191,208,220,245
793,test_patient0007_0253,0,0.8137,191,208,220,245
794,test_patient0007_0254,0,0.7679,191,204,220,245
795,test_patient0007_0255,0,0.7866,190,198,221,245
796,test_patient0007_0256,0,0.7708,189,196,230,246
797,test_patient0007_0257,0,0.8152,189,196,234,246
798,test_patient0007_0258,0,0.8524,188,196,235,246
799,test_patient0007_0259,0,0.8703,188,196,235,246
800,test_patient0007_0260,0,0.8788,188,196,234,247
801,test_patient0007_0261,0,0.8885,188,196,235,247
802,test_patient0007_0262,0,0.8828,187,196,235,247
803,test_patient0007_0263,0,0.8955,186,195,235,247
804,test_patient0007_0264,0,0.8985,186,195,236,248
805,test_patient0007_0265,0,0.9014,186,195,236,248
806,test_patient0007_0266,0,0.9037,186,195,237,248
807,test_patient0007_0267,0,0.9043,185,195,237,249
808,test_patient0007_0268,0,0.8995,185,195,237,249
809,test_patient0007_0269,0,0.8948,185,196,238,249
810,test_patient0007_0270,0,0.8870,185,196,238,250
811,test_patient0007_0271,0,0.8998,183,197,238,250
812,test_patient0007_0272,0,0.8990,182,197,238,250
813,test_patient0007_0273,0,0.8848,182,197,238,250
814,test_patient0007_0274,0,0.8360,183,197,240,250
815,test_patient0007_0275,0,0.8553,192,196,244,250
816,test_patient0007_0276,0,0.8063,196,195,245,250
817,test_patient0007_0277,0,0.8308,203,195,243,249
818,test_patient0007_0278,0,0.8297,207,194,238,249
819,test_patient0007_0279,0,0.8602,208,193,238,250
820,test_patient0007_0280,0,0.8535,209,193,242,251
821,test_patient0007_0281,0,0.8597,209,195,245,251
822,test_patient0007_0282,0,0.8459,208,195,245,251
823,test_patient0007_0283,0,0.8044,208,194,243,251
824,test_patient0007_0284,0,0.8274,207,194,244,252
825,test_patient0007_0285,0,0.8153,207,194,244,252
826,test_patient0007_0286,0,0.7862,205,194,244,252
827,test_patient0007_0287,0,0.6081,204,194,243,253
828,test_patient0007_0287,0,0.4740,216,194,244,218
829,test_patient0007_0288,0,0.6783,204,194,243,253
830,test_patient0007_0288,0,0.4738,217,194,244,217
831,test_patient0007_0289,0,0.6743,204,196,242,253
832,test_patient0007_0289,0,0.5217,218,194,244,217
833,test_patient0007_0290,0,0.6965,204,197,242,253
834,test_patient0007_0290,0,0.4567,219,195,244,217
835,test_patient0007_0291,0,0.6251,204,198,242,253
836,test_patient0007_0291,0,0.5389,220,196,244,217
837,test_patient0007_0292,0,0.6133,221,196,243,215
838,test_patient0007_0293,0,0.6158,221,196,243,215
839,test_patient0007_0294,0,0.6224,220,197,242,214
840,test_patient0007_0295,0,0.5984,219,197,241,213
841,test_patient0007_0296,0,0.5647,220,197,241,213
842,test_patient0007_0297,0,0.5709,220,198,240,212
843,test_patient0007_0298,0,0.5803,220,198,240,212
844,test_patient0007_0299,0,0.5767,220,198,239,211
845,test_patient0007_0300,0,0.5947,221,198,237,211
846,test_patient0007_0301,0,0.6087,223,198,237,210
847,test_patient0007_0302,0,0.6033,224,198,236,209
848,test_patient0007_0303,0,0.5814,224,198,236,209
849,test_patient0007_0303,0,0.4586,223,200,235,209
850,test_patient0007_0304,0,0.5148,223,199,235,209
851,test_patient0007_0305,0,0.5518,223,199,234,209
852,test_patient0007_0306,0,0.5466,223,199,234,209
853,test_patient0007_0307,0,0.5077,223,200,233,210
854,test_patient0007_0308,0,0.4940,223,201,233,210
855,test_patient0007_0309,0,0.4424,223,201,232,210
856,test_patient0007_0310,0,0.3477,222,200,232,209
857,test_patient0008_0001,0,0.4013,421,337,442,358
858,test_patient0008_0001,0,0.3725,286,192,312,218
859,test_patient0008_0001,0,0.3153,283,222,296,240
860,test_patient0008_0001,0,0.3065,417,338,441,365
861,test_patient0008_0002,0,0.4528,286,191,327,218
862,test_patient0008_0003,0,0.3387,285,194,314,218
863,test_patient0008_0005,0,0.3629,288,195,323,216
864,test_patient0008_0006,0,0.3329,293,198,310,218
865,test_patient0008_0007,0,0.3480,394,363,423,386
866,test_patient0008_0008,0,0.3363,291,190,341,216
867,test_patient0008_0008,0,0.3107,394,362,428,383
868,test_patient0008_0011,0,0.3030,294,212,336,237
869,test_patient0008_0012,0,0.3772,296,211,322,237
870,test_patient0008_0016,0,0.3207,471,107,505,180
871,test_patient0008_0017,0,0.2745,451,328,475,348
872,test_patient0008_0019,0,0.3815,306,28,318,43
873,test_patient0008_0020,0,0.2593,310,214,331,228
874,test_patient0008_0025,0,0.3423,273,224,295,244
875,test_patient0008_0027,0,0.4295,436,299,475,328
876,test_patient0008_0028,0,0.5888,438,297,479,326
877,test_patient0008_0029,0,0.3850,441,298,459,327
878,test_patient0008_0029,0,0.3624,432,298,458,327
879,test_patient0008_0029,0,0.3220,425,299,457,332
880,test_patient0008_0030,0,0.5954,440,273,465,312
881,test_patient0008_0031,0,0.5486,441,273,472,308
882,test_patient0008_0031,0,0.4217,426,325,441,340
883,test_patient0008_0031,0,0.3179,428,303,449,329
884,test_patient0008_0032,0,0.4329,442,274,464,315
885,test_patient0008_0032,0,0.4209,444,274,464,302
886,test_patient0008_0032,0,0.3647,428,301,455,331
887,test_patient0008_0032,0,0.3516,429,274,461,332
888,test_patient0008_0033,0,0.3904,430,274,462,332
889,test_patient0008_0033,0,0.3164,437,275,463,327
890,test_patient0008_0033,0,0.2998,429,299,459,331
891,test_patient0008_0034,0,0.3131,438,276,460,326
892,test_patient0008_0035,0,0.4467,429,296,455,330
893,test_patient0008_0037,0,0.2716,444,275,466,329
894,test_patient0008_0050,0,0.4570,474,297,505,322
895,test_patient0008_0051,0,0.3587,473,298,504,322
896,test_patient0008_0070,0,0.2562,300,153,330,173
897,test_patient0008_0071,0,0.6024,297,154,329,178
898,test_patient0008_0076,0,0.4472,346,112,367,130
899,test_patient0008_0081,0,0.4204,105,19,123,35
900,test_patient0008_0082,0,0.3753,108,21,124,38
901,test_patient0008_0094,0,0.2567,19,130,34,150
902,test_patient0008_0104,0,0.3347,155,26,184,38
903,test_patient0008_0104,0,0.2669,155,14,185,38
904,test_patient0008_0105,0,0.5193,158,26,184,40
905,test_patient0008_0105,0,0.2831,155,19,184,40
906,test_patient0008_0109,0,0.3080,178,36,199,48
907,test_patient0008_0110,0,0.4606,178,37,198,51
908,test_patient0008_0111,0,0.4457,303,35,322,52
909,test_patient0008_0111,0,0.2567,179,37,197,52
910,test_patient0008_0112,0,0.2567,241,226,267,258
911,test_patient0008_0119,0,0.4277,230,242,269,300
912,test_patient0008_0120,0,0.6397,229,244,268,300
913,test_patient0008_0145,0,0.3543,206,245,219,255
914,test_patient0008_0145,0,0.3122,203,244,218,255
915,test_patient0008_0146,0,0.5012,205,243,217,255
916,test_patient0008_0147,0,0.5725,206,244,217,255
917,test_patient0008_0148,0,0.5594,206,244,217,255
918,test_patient0008_0149,0,0.5196,204,244,217,255
919,test_patient0008_0150,0,0.4527,201,243,215,255
920,test_patient0008_0151,0,0.5025,199,243,214,255
921,test_patient0008_0152,0,0.4721,200,244,213,255
922,test_patient0008_0153,0,0.4751,199,245,214,256
923,test_patient0008_0154,0,0.4344,198,244,215,256
924,test_patient0008_0155,0,0.3479,196,243,215,256
925,test_patient0008_0156,0,0.3149,196,242,214,256
926,test_patient0008_0157,0,0.4808,185,236,213,257
927,test_patient0008_0158,0,0.6507,181,231,206,256
928,test_patient0008_0159,0,0.7570,181,227,207,258
929,test_patient0008_0160,0,0.7252,180,223,208,259
930,test_patient0008_0161,0,0.5728,179,215,212,261
931,test_patient0008_0161,0,0.5407,179,214,229,261
932,test_patient0008_0162,0,0.7915,178,216,212,262
933,test_patient0008_0163,0,0.7912,177,214,212,262
934,test_patient0008_0164,0,0.7364,176,212,213,262
935,test_patient0008_0165,0,0.8227,174,204,226,261
936,test_patient0008_0166,0,0.8085,173,204,232,261
937,test_patient0008_0167,0,0.8558,172,187,233,260
938,test_patient0008_0168,0,0.8789,172,192,234,261
939,test_patient0008_0169,0,0.8908,170,195,236,261
940,test_patient0008_0170,0,0.8759,169,194,237,260
941,test_patient0008_0171,0,0.8599,167,195,238,261
942,test_patient0008_0172,0,0.8547,167,199,238,261
943,test_patient0008_0173,0,0.8677,165,199,238,262
944,test_patient0008_0174,0,0.8540,165,198,239,263
945,test_patient0008_0175,0,0.8442,163,199,240,263
946,test_patient0008_0176,0,0.8637,163,199,241,263
947,test_patient0008_0177,0,0.8790,162,199,242,263
948,test_patient0008_0178,0,0.8999,160,197,243,264
949,test_patient0008_0179,0,0.9034,160,197,244,265
950,test_patient0008_0180,0,0.8807,161,200,244,266
951,test_patient0008_0181,0,0.7874,207,202,244,267
952,test_patient0008_0181,0,0.5447,160,199,246,267
953,test_patient0008_0182,0,0.8532,208,202,246,267
954,test_patient0008_0183,0,0.8387,208,203,247,267
955,test_patient0008_0184,0,0.8334,206,202,246,269
956,test_patient0008_0185,0,0.8513,205,203,246,270
957,test_patient0008_0186,0,0.8492,205,204,253,272
958,test_patient0008_0187,0,0.8657,204,206,257,272
959,test_patient0008_0188,0,0.8835,203,204,257,272
960,test_patient0008_0189,0,0.8754,203,204,258,273
961,test_patient0008_0190,0,0.8667,203,204,256,272
962,test_patient0008_0191,0,0.8565,203,202,255,273
963,test_patient0008_0192,0,0.8556,202,202,253,273
964,test_patient0008_0193,0,0.8600,202,203,253,273
965,test_patient0008_0194,0,0.8559,201,203,252,273
966,test_patient0008_0195,0,0.8525,200,202,252,272
967,test_patient0008_0196,0,0.8008,199,199,251,272
968,test_patient0008_0197,0,0.7502,199,197,252,271
969,test_patient0008_0198,0,0.7521,199,194,252,271
970,test_patient0008_0199,0,0.7487,198,193,252,271
971,test_patient0008_0200,0,0.7001,196,194,248,271
972,test_patient0008_0201,0,0.5975,196,194,249,272
973,test_patient0008_0202,0,0.6475,195,194,248,272
974,test_patient0008_0202,0,0.3142,225,193,250,215
975,test_patient0008_0203,0,0.3986,225,193,250,214
976,test_patient0008_0203,0,0.3121,195,193,249,270
977,test_patient0008_0204,0,0.3955,224,194,249,214
978,test_patient0008_0204,0,0.3944,195,194,249,269
979,test_patient0008_0205,0,0.3868,226,195,250,213
980,test_patient0008_0206,0,0.4975,232,195,247,209
981,test_patient0008_0207,0,0.4925,230,194,244,207
982,test_patient0008_0208,0,0.5115,226,193,244,207
983,test_patient0008_0209,0,0.5883,226,194,243,207
984,test_patient0008_0210,0,0.5673,228,194,241,206
985,test_patient0008_0211,0,0.6096,227,195,240,206
986,test_patient0008_0212,0,0.6509,227,195,240,206
987,test_patient0008_0213,0,0.6434,228,195,239,206
988,test_patient0008_0214,0,0.5719,227,194,239,206
989,test_patient0008_0215,0,0.3305,226,193,240,207
990,test_patient0008_0219,0,0.2824,226,195,240,215
991,test_patient0008_0220,0,0.4592,222,193,237,214
992,test_patient0008_0222,0,0.3641,198,203,234,263
993,test_patient0008_0223,0,0.2523,199,204,233,263
994,test_patient0009_0001,0,0.5332,325,356,359,379
995,test_patient0009_0001,0,0.3295,230,315,263,351
996,test_patient0009_0006,0,0.3799,275,241,304,274
997,test_patient0009_0006,0,0.3144,279,241,303,262
998,test_patient0009_0007,0,0.2973,270,257,302,279
999,test_patient0009_0007,0,0.2548,272,240,304,279
1000,test_patient0009_0008,0,0.2922,294,239,305,264
1001,test_patient0009_0017,0,0.4075,105,186,122,200
1002,test_patient0009_0018,0,0.3654,107,189,123,202
1003,test_patient0009_0019,0,0.3741,103,194,125,208
1004,test_patient0009_0020,0,0.2953,103,195,125,216
1005,test_patient0009_0021,0,0.4833,113,202,127,218
1006,test_patient0009_0021,0,0.2954,114,199,131,240
1007,test_patient0009_0021,0,0.2718,114,201,128,231
1008,test_patient0009_0021,0,0.2605,113,198,126,216
1009,test_patient0009_0022,0,0.5019,114,203,128,228
1010,test_patient0009_0153,0,0.5068,259,258,295,299
1011,test_patient0009_0154,0,0.7095,260,260,294,298
1012,test_patient0009_0155,0,0.4136,260,261,295,298
1013,test_patient0009_0161,0,0.3174,253,259,292,300
1014,test_patient0009_0162,0,0.3292,247,259,291,300
1015,test_patient0009_0165,0,0.2929,229,258,252,294
1016,test_patient0009_0180,0,0.3347,226,269,238,286
1017,test_patient0009_0181,0,0.6371,223,269,238,287
1018,test_patient0009_0182,0,0.7373,223,268,239,288
1019,test_patient0009_0183,0,0.8073,223,266,241,290
1020,test_patient0009_0184,0,0.8207,221,263,241,291
1021,test_patient0009_0185,0,0.8076,222,264,242,292
1022,test_patient0009_0186,0,0.8173,221,262,243,292
1023,test_patient0009_0187,0,0.8050,221,262,243,293
1024,test_patient0009_0188,0,0.8265,220,259,243,293
1025,test_patient0009_0189,0,0.8031,219,256,245,294
1026,test_patient0009_0190,0,0.7977,219,256,244,294
1027,test_patient0009_0191,0,0.8018,218,254,245,294
1028,test_patient0009_0192,0,0.7644,217,252,245,295
1029,test_patient0009_0193,0,0.7486,217,251,246,295
1030,test_patient0009_0194,0,0.7674,216,250,246,295
1031,test_patient0009_0195,0,0.7374,216,249,247,296
1032,test_patient0009_0196,0,0.7014,215,243,259,296
1033,test_patient0009_0197,0,0.6160,216,245,262,296
1034,test_patient0009_0198,0,0.7694,228,243,264,297
1035,test_patient0009_0199,0,0.8282,224,242,268,297
1036,test_patient0009_0200,0,0.8978,216,241,269,297
1037,test_patient0009_0201,0,0.8870,215,242,271,297
1038,test_patient0009_0202,0,0.8770,215,242,272,297
1039,test_patient0009_0203,0,0.8550,215,242,272,297
1040,test_patient0009_0204,0,0.8431,214,242,273,297
1041,test_patient0009_0205,0,0.8431,213,243,274,298
1042,test_patient0009_0206,0,0.8484,212,243,274,298
1043,test_patient0009_0207,0,0.8496,212,243,275,299
1044,test_patient0009_0208,0,0.8236,211,243,275,299
1045,test_patient0009_0208,0,0.5589,231,247,275,299
1046,test_patient0009_0209,0,0.8592,234,247,275,300
1047,test_patient0009_0210,0,0.8398,233,248,275,300
1048,test_patient0009_0211,0,0.8639,232,248,278,300
1049,test_patient0009_0212,0,0.8907,232,248,279,299
1050,test_patient0009_0213,0,0.8780,231,248,279,300
1051,test_patient0009_0214,0,0.8589,229,248,280,300
1052,test_patient0009_0215,0,0.8222,229,249,279,299
1053,test_patient0009_0216,0,0.7889,228,250,280,299
1054,test_patient0009_0217,0,0.6446,230,250,279,298
1055,test_patient0009_0217,0,0.4495,247,251,279,282
1056,test_patient0009_0218,0,0.6601,246,251,278,280
1057,test_patient0009_0218,0,0.5683,226,250,278,297
1058,test_patient0009_0219,0,0.7894,224,250,277,297
1059,test_patient0009_0219,0,0.4341,248,251,278,277
1060,test_patient0009_0220,0,0.8265,224,251,277,297
1061,test_patient0009_0220,0,0.3823,251,251,277,277
1062,test_patient0009_0221,0,0.8521,224,251,275,297
1063,test_patient0009_0221,0,0.2590,252,252,275,275
1064,test_patient0009_0222,0,0.8543,224,251,274,297
1065,test_patient0009_0223,0,0.6467,249,251,274,273
1066,test_patient0009_0223,0,0.4919,225,252,273,296
1067,test_patient0009_0224,0,0.6734,251,252,274,271
1068,test_patient0009_0225,0,0.6999,254,253,273,271
1069,test_patient0009_0226,0,0.7087,253,254,273,270
1070,test_patient0009_0227,0,0.7109,253,255,273,270
1071,test_patient0009_0228,0,0.6759,253,255,272,269
1072,test_patient0009_0229,0,0.6110,254,254,273,269
1073,test_patient0009_0230,0,0.5743,255,253,272,268
1074,test_patient0009_0231,0,0.5758,254,253,271,267
1075,test_patient0009_0232,0,0.6238,255,253,270,266
1076,test_patient0009_0233,0,0.6730,255,252,268,266
1077,test_patient0009_0234,0,0.6475,253,251,268,266
1078,test_patient0009_0235,0,0.6435,253,252,266,266
1079,test_patient0009_0236,0,0.6576,253,252,265,265
1080,test_patient0009_0237,0,0.6227,252,253,263,265
1081,test_patient0009_0238,0,0.5408,251,253,261,266
1082,test_patient0009_0239,0,0.3144,250,253,260,266
1083,test_patient0009_0245,0,0.3821,234,268,253,290
1084,test_patient0010_0039,0,0.2716,247,331,269,350
1085,test_patient0010_0050,0,0.5514,419,382,441,422
1086,test_patient0010_0051,0,0.5108,417,383,441,423
1087,test_patient0010_0179,0,0.3433,257,279,277,304
1088,test_patient0010_0180,0,0.2965,257,278,276,303
1089,test_patient0010_0181,0,0.3972,257,278,274,302
1090,test_patient0010_0182,0,0.3806,257,277,273,301
1091,test_patient0010_0183,0,0.3263,257,276,272,300
1092,test_patient0010_0186,0,0.3391,254,276,267,297
1093,test_patient0010_0204,0,0.3334,229,275,247,309
1094,test_patient0010_0205,0,0.4378,229,275,247,308
1095,test_patient0010_0206,0,0.4852,229,275,247,308
1096,test_patient0010_0207,0,0.3350,229,276,245,297
1097,test_patient0010_0216,0,0.3971,228,258,256,294
1098,test_patient0010_0216,0,0.2773,241,258,258,292
1099,test_patient0010_0217,0,0.3904,228,254,257,293
1100,test_patient0010_0218,0,0.3439,229,252,258,292
1101,test_patient0010_0219,0,0.2935,229,252,256,291
1102,test_patient0010_0239,0,0.6731,219,263,242,292
1103,test_patient0010_0240,0,0.8050,220,261,244,294
1104,test_patient0010_0241,0,0.8370,220,260,245,296
1105,test_patient0010_0242,0,0.8388,220,259,246,297
1106,test_patient0010_0243,0,0.8504,219,259,247,298
1107,test_patient0010_0244,0,0.8254,218,259,248,299
1108,test_patient0010_0245,0,0.7206,217,258,249,300
1109,test_patient0010_0246,0,0.7648,217,237,267,301
1110,test_patient0010_0247,0,0.8765,216,239,267,300
1111,test_patient0010_0248,0,0.8958,215,238,268,301
1112,test_patient0010_0249,0,0.8972,215,238,270,301
1113,test_patient0010_0250,0,0.8985,215,238,271,301
1114,test_patient0010_0251,0,0.8917,214,237,271,301
1115,test_patient0010_0252,0,0.8893,212,236,272,301
1116,test_patient0010_0253,0,0.8974,212,236,273,301
1117,test_patient0010_0254,0,0.9032,212,237,274,301
1118,test_patient0010_0255,0,0.9000,209,237,274,301
1119,test_patient0010_0256,0,0.8961,208,237,275,301
1120,test_patient0010_0257,0,0.8940,207,237,275,301
1121,test_patient0010_0258,0,0.8934,207,237,276,301
1122,test_patient0010_0259,0,0.8990,207,237,276,301
1123,test_patient0010_0260,0,0.9014,207,238,276,301
1124,test_patient0010_0261,0,0.8947,207,238,276,301
1125,test_patient0010_0262,0,0.8897,206,237,276,301
1126,test_patient0010_0263,0,0.8698,205,237,276,301
1127,test_patient0010_0264,0,0.8461,225,239,275,301
1128,test_patient0010_0265,0,0.8362,228,238,277,301
1129,test_patient0010_0266,0,0.8314,239,239,280,301
1130,test_patient0010_0267,0,0.8343,241,239,283,302
1131,test_patient0010_0268,0,0.8377,241,239,282,301
1132,test_patient0010_0269,0,0.8418,242,238,283,301
1133,test_patient0010_0270,0,0.8411,242,238,282,301
1134,test_patient0010_0271,0,0.8537,240,239,281,301
1135,test_patient0010_0272,0,0.8432,240,239,279,301
1136,test_patient0010_0273,0,0.6257,239,240,278,301
1137,test_patient0010_0273,0,0.5267,254,239,280,262
1138,test_patient0010_0274,0,0.5657,258,239,280,260
1139,test_patient0010_0274,0,0.3817,239,240,279,301
1140,test_patient0010_0275,0,0.6444,261,240,280,260
1141,test_patient0010_0275,0,0.3938,239,241,279,300
1142,test_patient0010_0276,0,0.6763,261,240,280,258
1143,test_patient0010_0277,0,0.6939,259,239,279,257
1144,test_patient0010_0278,0,0.6467,258,239,278,256
1145,test_patient0010_0279,0,0.5572,258,240,275,255
1146,test_patient0010_0280,0,0.5451,260,240,274,254
1147,test_patient0010_0280,0,0.5014,256,241,273,255
1148,test_patient0010_0280,0,0.2549,236,241,272,299
1149,test_patient0010_0281,0,0.5480,261,240,274,254
1150,test_patient0010_0281,0,0.5390,236,241,271,299
1151,test_patient0010_0281,0,0.4963,256,240,273,254
1152,test_patient0010_0282,0,0.5527,236,242,270,299
1153,test_patient0010_0282,0,0.5432,260,240,272,253
1154,test_patient0010_0283,0,0.5845,260,240,272,253
1155,test_patient0010_0283,0,0.3582,236,242,270,299
1156,test_patient0010_0284,0,0.5903,259,240,271,252
1157,test_patient0010_0285,0,0.5855,257,240,270,252
1158,test_patient0010_0286,0,0.5941,257,240,269,253
1159,test_patient0010_0287,0,0.5633,255,241,267,252
1160,test_patient0010_0288,0,0.6073,255,242,266,252
1161,test_patient0010_0289,0,0.6136,255,242,266,253
1162,test_patient0010_0290,0,0.5606,255,242,265,253
1163,test_patient0010_0291,0,0.3965,254,241,263,252
